SeriesCode,SeriesName,ProductGroupCode,ProductName,URL
30865,Qi35 MAX,769382,Qi35 MAX ドライバー Diamana Blue TM50,https://shop.img.golfdigest.co.jp/gdogolfshop/images/goods/000076/0000769382/0000769382_01.jpg
31521,XXIO(2026),798599,ゼクシオ 14 ドライバー MP1400カーボン,https://shop.img.golfdigest.co.jp/gdogolfshop/images/goods/000079/0000798599/0000798599_01.jpg
30836,ELYTE X,769331,エリート X ドライバー VENTUS GREEN 5 for Callaway,https://shop.img.golfdigest.co.jp/gdogolfshop/images/goods/000076/0000769331/0000769331_01.jpg
30833,ELYTE,769326,エリート ドライバー VENTUS GREEN 5 for Callaway,https://shop.img.golfdigest.co.jp/gdogolfshop/images/goods/000076/0000769326/0000769326_01.jpg
30863,Qi35,769380,Qi35 ドライバー Diamana SILVER TM55,https://shop.img.golfdigest.co.jp/gdogolfshop/images/goods/000076/0000769380/0000769380_01.jpg
31522,XXIO+(2026),798602,ゼクシオ 14+ ドライバー SPEEDER NX DST for XXIO,https://shop.img.golfdigest.co.jp/gdogolfshop/images/goods/000079/0000798602/0000798602_01.jpg
30834,ELYTE MAX FAST,769335,エリート MAX FAST ドライバー LIN-Q GREEN 40 for Callaway,https://shop.img.golfdigest.co.jp/gdogolfshop/images/goods/000076/0000769335/0000769335_01.jpg
30866,Qi35 MAX LITE,769383,Qi35 MAX LITE ドライバー Air Speeder TM,https://shop.img.golfdigest.co.jp/gdogolfshop/images/goods/000076/0000769383/0000769383_01.jpg
30886,G440 MAX,770442,G440 MAX ドライバー PING TOUR 2.0 CHROME 65／75,https://shop.img.golfdigest.co.jp/gdogolfshop/images/goods/000077/0000770442/0000770442_01.jpg
30826,DS-ADAPT X,772984,DS-ADAPT X ドライバー LIN-Q for Cobra,https://shop.img.golfdigest.co.jp/gdogolfshop/images/goods/000077/0000772984/0000772984_01.jpg
31110,ELYTE X 10K,784774,エリート X 10Kバージョン ドライバー VENTUS GREEN 5 for Callaway,https://shop.img.golfdigest.co.jp/gdogolfshop/images/goods/000078/0000784774/0000784774_01.jpg
30825,DS-ADAPT MAX-K,772988,DS-ADAPT MAX-K ドライバー Speeder NX for cobra,https://shop.img.golfdigest.co.jp/gdogolfshop/images/goods/000077/0000772988/0000772988_01.jpg
29790,XXIO 13(2024),725421,ゼクシオ 13 ドライバー(ネイビー) MP1300カーボン,https://shop.img.golfdigest.co.jp/gdogolfshop/images/goods/000072/0000725421/0000725421_01.jpg
30822,DS-ADAPT LS,772979,DS-ADAPT LS ドライバー LIN-Q for Cobra,https://shop.img.golfdigest.co.jp/gdogolfshop/images/goods/000077/0000772979/0000772979_01.jpg
30414,GT2,754660,GT2 ドライバー TENSEI BLUE 1K 55,https://shop.img.golfdigest.co.jp/gdogolfshop/images/goods/000075/0000754660/0000754660_01.jpg
30885,G440 LST,770460,G440 LST ドライバー PING TOUR 2.0 BLACK 65／75,https://shop.img.golfdigest.co.jp/gdogolfshop/images/goods/000077/0000770460/0000770460_01.jpg
29980,G430 MAX 10K,731012,G430 MAX 10K ドライバー PING TOUR 2.0 CHROME 65／75,https://shop.img.golfdigest.co.jp/gdogolfshop/images/goods/000073/0000731012/0000731012_01.jpg
31002,ELYTE MINI,779630,エリート MINI ドライバー TENSEI GREEN 60 for Callaway,https://shop.img.golfdigest.co.jp/gdogolfshop/images/goods/000077/0000779630/0000779630_01.jpg
30883,G440 HL MAX,770464,G440 HL MAX ドライバー SPEEDER NX GREY 35／40,https://shop.img.golfdigest.co.jp/gdogolfshop/images/goods/000077/0000770464/0000770464_01.jpg
29789,XXIO X(2024),725427,ゼクシオ X ドライバー Miyazaki AX-3,https://shop.img.golfdigest.co.jp/gdogolfshop/images/goods/000072/0000725427/0000725427_01.jpg
31528,TOUR WORLD TW777 360Ti,801443,ツアーワールド TW777 360Ti ドライバー VIZARD BLUE 50／60,https://shop.img.golfdigest.co.jp/gdogolfshop/images/goods/000080/0000801443/0000801443_01.jpg
30824,DS-ADAPT MAX-D,772993,DS-ADAPT MAX-D ドライバー Speeder NX for cobra,https://shop.img.golfdigest.co.jp/gdogolfshop/images/goods/000077/0000772993/0000772993_01.jpg
31091,r7 QUAD MINI,784844,r7 QUAD MINI ドライバー Diamana SILVER TM55 r7QMD,https://shop.img.golfdigest.co.jp/gdogolfshop/images/goods/000078/0000784844/0000784844_01.jpg
30884,G440 HL SFT,770466,G440 HL SFT ドライバー SPEEDER NX GREY 35／40,https://shop.img.golfdigest.co.jp/gdogolfshop/images/goods/000077/0000770466/0000770466_01.jpg
31529,TOUR WORLD TW777 MAX,801441,ツアーワールド TW777 MAX ドライバー VIZARD for TW777,https://shop.img.golfdigest.co.jp/gdogolfshop/images/goods/000080/0000801441/0000801441_01.jpg
30837,ELYTE ﾄﾘﾌﾟﾙﾀﾞｲﾔﾓﾝﾄﾞ,772230,エリート ◆◆◆ドライバー TENSEI GREEN 60 for Callaway,https://shop.img.golfdigest.co.jp/gdogolfshop/images/goods/000077/0000772230/0000772230_01.jpg
30887,G440 SFT,770448,G440 SFT ドライバー ALTA J CB BLUE,https://shop.img.golfdigest.co.jp/gdogolfshop/images/goods/000077/0000770448/0000770448_01.jpg
31064,VOLTIO NINJA ﾌﾟﾚﾐｱﾑｶｰﾎﾞﾝ II,783982,VOLTIO NINJA プレミアムカーボン II Ti ドライバー TOUR AD VG-02,https://shop.img.golfdigest.co.jp/gdogolfshop/images/goods/000078/0000783982/0000783982_01.jpg
29914,PARADYM Ai SMOKE MAX,801457,パラダイム Ai SMOKE MAX ドライバー(グリップ：ツアーベルベットラバー 360) TENSEI 50 for Callaway,https://shop.img.golfdigest.co.jp/gdogolfshop/images/goods/000080/0000801457/0000801457_01.jpg
31527,TOUR WORLD TW777,801442,ツアーワールド TW777 ドライバー VIZARD BLUE 50／60,https://shop.img.golfdigest.co.jp/gdogolfshop/images/goods/000080/0000801442/0000801442_01.jpg
30415,GT3,754664,GT3 ドライバー TENSEI BLUE 1K 55,https://shop.img.golfdigest.co.jp/gdogolfshop/images/goods/000075/0000754664/0000754664_01.jpg
30912,GT1,772004,GT1 ドライバー AIR SPEEDER Next GEN,https://shop.img.golfdigest.co.jp/gdogolfshop/images/goods/000077/0000772004/0000772004_01.jpg
31339,ONOFF KURO(2025),795441,オノフ KURO ドライバー ONOFF CBT：626D,https://shop.img.golfdigest.co.jp/gdogolfshop/images/goods/000079/0000795441/0000795441_01.jpg
28930,SHUTTLE BLACK IP(2022),685497,シャトル ドライバー ブラックIP仕上げ IMPACT FIT m230(ブラック),https://shop.img.golfdigest.co.jp/gdogolfshop/images/goods/000068/0000685497/0000685497_01.jpg
29562,G LE 3,712309,G LE 3 ドライバー ULT250 J,https://shop.img.golfdigest.co.jp/gdogolfshop/images/goods/000071/0000712309/0000712309_01.jpg
28924,G430 MAX,684714,G430 MAX ドライバー PING TOUR 2.0 CHROME 65／75,https://shop.img.golfdigest.co.jp/gdogolfshop/images/goods/000068/0000684714/0000684714_01.jpg
30595,inpres DRIVE STAR TypeD(2025),754232,25 インプレス DRIVE STAR TypeD ドライバー SPEEDER NX for Yamaha TM425d,https://shop.img.golfdigest.co.jp/gdogolfshop/images/goods/000075/0000754232/0000754232_01.jpg
31274,BX1 ST,797697,BX1 ST ドライバー SPEEDER NX GOLD 60,https://shop.img.golfdigest.co.jp/gdogolfshop/images/goods/000079/0000797697/0000797697_01.jpg
31424,B-LIMITED BX2 HT,797699,BX2 HT ドライバー TOUR AD FI-5,https://shop.img.golfdigest.co.jp/gdogolfshop/images/goods/000079/0000797699/0000797699_01.jpg
31068,GT280 MINI,772013,GT280 ミニドライバー Tour AD DI-6,https://shop.img.golfdigest.co.jp/gdogolfshop/images/goods/000077/0000772013/0000772013_01.jpg
31001,XXIO PRIME(2025),764272,ゼクシオ プライム13 ドライバー ゼクシオプライム SP-1300,https://shop.img.golfdigest.co.jp/gdogolfshop/images/goods/000076/0000764272/0000764272_01.jpg
28083,egg 44,651830,egg 44 ドライバー エッグオリジナル,https://shop.img.golfdigest.co.jp/gdogolfshop/images/goods/000065/0000651830/0000651830_01.jpg
30709,SRIXON Zxi LS,764572,スリクソン ZXi LS ドライバー Tour AD VF 4／5／6／7,https://shop.img.golfdigest.co.jp/gdogolfshop/images/goods/000076/0000764572/0000764572_01.jpg
31473,RMX DD-1,802096,RMX DD-1 ドライバー TENSEI Pro BLACK 1K Core 50／60／70／80,https://shop.img.golfdigest.co.jp/gdogolfshop/images/goods/000080/0000802096/0000802096_01.jpg
29146,ST-Z230,698010,ST-Z230 ドライバー Tour AD GM D,https://shop.img.golfdigest.co.jp/gdogolfshop/images/goods/000069/0000698010/0000698010_01.jpg
31475,RMX DD-2,802122,RMX DD-2 ドライバー VANQUISH VV 3／4／5,https://shop.img.golfdigest.co.jp/gdogolfshop/images/goods/000080/0000802122/0000802122_01.jpg
30710,SRIXON Zxi MAX,764596,スリクソン ZXi MAX ドライバー Diamana WB 43／53／63／73,https://shop.img.golfdigest.co.jp/gdogolfshop/images/goods/000076/0000764596/0000764596_01.jpg
31062,RS SPEED,778269,RS SPEED ドライバー SPEEDER NX FOR PRGR,https://shop.img.golfdigest.co.jp/gdogolfshop/images/goods/000077/0000778269/0000778269_01.jpg
30173,B3 MAX(2024),740428,B3 MAX ドライバー VANQUISH BS40 for MAX,https://shop.img.golfdigest.co.jp/gdogolfshop/images/goods/000074/0000740428/0000740428_01.jpg
31013,CRYSTAL egg,778264,CRYSTAL egg ドライバー CRYSTAL egg専用シャフト,https://shop.img.golfdigest.co.jp/gdogolfshop/images/goods/000077/0000778264/0000778264_01.jpg
31056,REVA RISE,779631,REVA RISE ドライバー ELDIO 40 for Callaway(BLUE),https://shop.img.golfdigest.co.jp/gdogolfshop/images/goods/000077/0000779631/0000779631_01.jpg
30277,RSX MAX(2024),748144,RSX MAX ドライバー TENSEI FOR PRGR,https://shop.img.golfdigest.co.jp/gdogolfshop/images/goods/000074/0000748144/0000748144_01.jpg
30115,UFO by POWER TORNADOAIRBlueDD,736477,UFO by POWER TORNADO AIR Blue DD ドライバー Falcon Shaft AIR,https://shop.img.golfdigest.co.jp/gdogolfshop/images/goods/000073/0000736477/0000736477_01.jpg
21205,YONEX Junior(2016),497277,ドライバーJ120 ジュニア専用カーボン,https://shop.img.golfdigest.co.jp/gdogolfshop/images/goods/000049/0000497277/0000497277_01.jpg
27239,BERES 4S,734729,ベレス 09 4S ドライバー ARMRQ FX 4S,https://shop.img.golfdigest.co.jp/gdogolfshop/images/goods/000073/0000734729/0000734729_01.jpg
30278,RSX(2024),748143,RSX ドライバー Diamana FOR PRGR,https://shop.img.golfdigest.co.jp/gdogolfshop/images/goods/000074/0000748143/0000748143_01.jpg
30711,SRIXON Zxi TR,789056,スリクソン ZXi TR ドライバー VENTUS ZXi 6,https://shop.img.golfdigest.co.jp/gdogolfshop/images/goods/000078/0000789056/0000789056_01.jpg
28267,STEALTH,658943,ステルス ドライバー TENSEI RED TM50,https://shop.img.golfdigest.co.jp/gdogolfshop/images/goods/000065/0000658943/0000658943_01.jpg
28268,STEALTH HD,658949,ステルス HD ドライバー TENSEI RED TM50,https://shop.img.golfdigest.co.jp/gdogolfshop/images/goods/000065/0000658949/0000658949_01.jpg
29958,Qi10 MAX,730741,Qi10 MAX ドライバー Diamana Blue TM50,https://shop.img.golfdigest.co.jp/gdogolfshop/images/goods/000073/0000730741/0000730741_01.jpg
28865,STEALTH GLOIRE,679758,ステルス グローレ ドライバー SPEEDER NX for TM,https://shop.img.golfdigest.co.jp/gdogolfshop/images/goods/000067/0000679758/0000679758_01.jpg
29079,STEALTH 2 HD,692500,ステルス2 HD ドライバー TENSEI RED TM50,https://shop.img.golfdigest.co.jp/gdogolfshop/images/goods/000069/0000692500/0000692500_01.jpg
29071,PARADYM,691570,パラダイム ドライバー VENTUS TR 5 for Callaway,https://shop.img.golfdigest.co.jp/gdogolfshop/images/goods/000069/0000691570/0000691570_01.jpg
29366,BRNR MINI,706331,バーナー ミニドライバー PROFORCE 65 M40X J-SPEC,https://shop.img.golfdigest.co.jp/gdogolfshop/images/goods/000070/0000706331/0000706331_01.jpg
27612,SIM2 MAX,634029,SIM2 マックス ドライバー TENSEI BLUE TM50,https://shop.img.golfdigest.co.jp/gdogolfshop/images/goods/000063/0000634029/0000634029_01.jpg
29957,Qi10,730736,Qi10 ドライバー Diamana Blue TM50,https://shop.img.golfdigest.co.jp/gdogolfshop/images/goods/000073/0000730736/0000730736_01.jpg
27619,SIM2 MAX-D,634034,SIM2 マックス-D ドライバー TENSEI BLUE TM50,https://shop.img.golfdigest.co.jp/gdogolfshop/images/goods/000063/0000634034/0000634034_01.jpg
28288,ROGUE ST MAX,658533,ローグ ST MAX ドライバー VENTUS 5 for Callaway,https://shop.img.golfdigest.co.jp/gdogolfshop/images/goods/000065/0000658533/0000658533_01.jpg
29074,PARADYM X,691572,パラダイム X ドライバー VENTUS TR 5 for Callaway,https://shop.img.golfdigest.co.jp/gdogolfshop/images/goods/000069/0000691572/0000691572_01.jpg
29078,STEALTH 2,692495,ステルス2 ドライバー TENSEI RED TM50,https://shop.img.golfdigest.co.jp/gdogolfshop/images/goods/000069/0000692495/0000692495_01.jpg
30315,BRNR MINI(2024),750321,バーナー ミニドライバー カッパー PROFORCE 65 M40X J-SPEC,https://shop.img.golfdigest.co.jp/gdogolfshop/images/goods/000075/0000750321/0000750321_01.jpg
29915,PARADYM Ai SMOKE MAX D,730191,パラダイム Ai SMOKE MAX D ドライバー TENSEI 50 for Callaway,https://shop.img.golfdigest.co.jp/gdogolfshop/images/goods/000073/0000730191/0000730191_01.jpg
28289,ROGUE ST MAX D,658538,ローグ ST MAX D ドライバー VENTUS 5 for Callaway,https://shop.img.golfdigest.co.jp/gdogolfshop/images/goods/000065/0000658538/0000658538_01.jpg
28926,G430 LST,684708,G430 LST ドライバー PING TOUR 2.0 CHROME 65／75,https://shop.img.golfdigest.co.jp/gdogolfshop/images/goods/000068/0000684708/0000684708_01.jpg
27621,EPIC MAX,632646,エピック MAX ドライバーDiamana 40 for Callaway,https://shop.img.golfdigest.co.jp/gdogolfshop/images/goods/000063/0000632646/0000632646_01.jpg
29981,G430 MAX 10K HL,731019,G430 MAX 10K HL ドライバー SPEEDER NX 35／45,https://shop.img.golfdigest.co.jp/gdogolfshop/images/goods/000073/0000731019/0000731019_01.jpg
29087,G430 HL MAX,692210,G430 HL MAX ドライバー SPEEDER NX 35／45,https://shop.img.golfdigest.co.jp/gdogolfshop/images/goods/000069/0000692210/0000692210_01.jpg
28290,ROGUE ST MAX FAST,658542,ローグ ST MAX FAST ドライバー SPEEDER NX40 for Callaway,https://shop.img.golfdigest.co.jp/gdogolfshop/images/goods/000065/0000658542/0000658542_01.jpg
28973,SRIXON ZX5 MkII,684896,スリクソン ZX5 MkII ドライバー Diamana ZX-II 50,https://shop.img.golfdigest.co.jp/gdogolfshop/images/goods/000068/0000684896/0000684896_01.jpg
29612,B2 HT,716019,B2 HT ドライバー VANQUISH BS50,https://shop.img.golfdigest.co.jp/gdogolfshop/images/goods/000071/0000716019/0000716019_01.jpg
29916,PARADYM Ai SMOKE MAX FAST,730200,パラダイム Ai SMOKE MAX FAST ドライバー TENSEI 40 for Callaway,https://shop.img.golfdigest.co.jp/gdogolfshop/images/goods/000073/0000730200/0000730200_01.jpg
27616,EPIC SPEED,632647,エピック SPEED ドライバーDiamana 50 for Callaway,https://shop.img.golfdigest.co.jp/gdogolfshop/images/goods/000063/0000632647/0000632647_01.jpg
28868,TSR2,682366,TSR2 ドライバー Tour AD DI-5／6,https://shop.img.golfdigest.co.jp/gdogolfshop/images/goods/000068/0000682366/0000682366_01.jpg
28866,STEALTH GLOIRE PLUS,682642,ステルス グローレ プラス ドライバー SPEEDER NX for TM,https://shop.img.golfdigest.co.jp/gdogolfshop/images/goods/000068/0000682642/0000682642_01.jpg
30094,DARKSPEED LS,734677,ダークスピード LS ドライバー Tour AD for Cobra,https://shop.img.golfdigest.co.jp/gdogolfshop/images/goods/000073/0000734677/0000734677_01.jpg
30095,DARKSPEED MAX,734686,ダークスピード MAX ドライバー Speeder NX for cobra,https://shop.img.golfdigest.co.jp/gdogolfshop/images/goods/000073/0000734686/0000734686_01.jpg
30324,PARADYM Ai SMOKE Ti 340MINI,750088,パラダイム Ai SMOKE Ti 340 MINI ドライバー TENSEI 60 for Callaway,https://shop.img.golfdigest.co.jp/gdogolfshop/images/goods/000075/0000750088/0000750088_01.jpg
30096,DARKSPEED X,734681,ダークスピード X ドライバー Speeder NX for cobra,https://shop.img.golfdigest.co.jp/gdogolfshop/images/goods/000073/0000734681/0000734681_01.jpg
27201,XXIO(2020),599168,ゼクシオ イレブン ドライバー(ネイビー) MP1100カーボン,https://shop.img.golfdigest.co.jp/gdogolfshop/images/goods/000059/0000599168/0000599168_01.jpg
28294,LTDX,663012,LTDx ドライバー Speeder NX for Cobra,https://shop.img.golfdigest.co.jp/gdogolfshop/images/goods/000066/0000663012/0000663012_01.jpg
29072,PARADYM MAX FAST,691581,パラダイム MAX FAST ドライバー SPEEDER NX40 for Callaway,https://shop.img.golfdigest.co.jp/gdogolfshop/images/goods/000069/0000691581/0000691581_01.jpg
28925,G430 SFT,684716,G430 SFT ドライバー ALTA J CB BLACK,https://shop.img.golfdigest.co.jp/gdogolfshop/images/goods/000068/0000684716/0000684716_01.jpg
27518,SIM GLOIRE,624533,SIM グローレ ドライバー Air Speeder TM,https://shop.img.golfdigest.co.jp/gdogolfshop/images/goods/000062/0000624533/0000624533_01.jpg
28104,XXIO(2022)ﾈｲﾋﾞｰ,654725,ゼクシオ 12 ドライバー(ネイビー) MP1200カーボン,https://shop.img.golfdigest.co.jp/gdogolfshop/images/goods/000065/0000654725/0000654725_01.jpg
30708,SRIXON Zxi,761199,スリクソン ZXi ドライバー Diamana ZXi 50,https://shop.img.golfdigest.co.jp/gdogolfshop/images/goods/000076/0000761199/0000761199_01.jpg
29088,G430 HL SFT,692212,G430 HL SFT ドライバー SPEEDER NX 35／45,https://shop.img.golfdigest.co.jp/gdogolfshop/images/goods/000069/0000692212/0000692212_01.jpg
28744,RS JUST,673927,RS JUST ドライバー Diamana FOR PRGR BLACK,https://shop.img.golfdigest.co.jp/gdogolfshop/images/goods/000067/0000673927/0000673927_01.jpg
28974,SRIXON ZX5 MkII LS,684897,スリクソン ZX5 MkII LS ドライバー Diamana ZX-II 50,https://shop.img.golfdigest.co.jp/gdogolfshop/images/goods/000068/0000684897/0000684897_01.jpg
28296,LTDX MAX,663022,LTDx MAX ドライバー Speeder NX for Cobra,https://shop.img.golfdigest.co.jp/gdogolfshop/images/goods/000066/0000663022/0000663022_01.jpg
28869,TSR3,682373,TSR3 ドライバー Tour AD IZ-5／6,https://shop.img.golfdigest.co.jp/gdogolfshop/images/goods/000068/0000682373/0000682373_01.jpg
29008,GREAT BIG BERTHA(2023),718003,グレートビッグバーサ ドライバー SPEEDER NX 40 BLK for GBB,https://shop.img.golfdigest.co.jp/gdogolfshop/images/goods/000071/0000718003/0000718003_01.jpg
28897,23inpres DRIVE STAR,682297,23 インプレス DRIVE STAR ドライバー SPEEDER NX for Yamaha M423d,https://shop.img.golfdigest.co.jp/gdogolfshop/images/goods/000068/0000682297/0000682297_01.jpg
29482,BIG BERTHA(2023),709394,ビッグバーサ ドライバー SPEEDER NX for Callaway,https://shop.img.golfdigest.co.jp/gdogolfshop/images/goods/000070/0000709394/0000709394_01.jpg
29075,TSR1(2023),695253,TSR1 ドライバー TSP 120 50,https://shop.img.golfdigest.co.jp/gdogolfshop/images/goods/000069/0000695253/0000695253_01.jpg
29610,B1 ST,716016,B1 ST ドライバー VENTUS BS6,https://shop.img.golfdigest.co.jp/gdogolfshop/images/goods/000071/0000716016/0000716016_01.jpg
29147,AEROJET,693394,エアロジェット ドライバー Speeder NX for cobra WHITE,https://shop.img.golfdigest.co.jp/gdogolfshop/images/goods/000069/0000693394/0000693394_01.jpg
28102,XXIO X(2022),654727,ゼクシオ エックス ドライバー Miyazaki AX-2,https://shop.img.golfdigest.co.jp/gdogolfshop/images/goods/000065/0000654727/0000654727_01.jpg
27622,EPIC MAX LS,632642,エピック MAX LS ドライバーTENSEI 55 for Callaway,https://shop.img.golfdigest.co.jp/gdogolfshop/images/goods/000063/0000632642/0000632642_01.jpg
28745,RS JUST D,673928,RS JUST D ドライバー Diamana FOR PRGR SILVER,https://shop.img.golfdigest.co.jp/gdogolfshop/images/goods/000067/0000673928/0000673928_01.jpg
29149,AEROJET MAX,693399,エアロジェット MAX ドライバー Speeder NX for cobra WHITE,https://shop.img.golfdigest.co.jp/gdogolfshop/images/goods/000069/0000693399/0000693399_01.jpg
29718,RMX VD/X(2024),719711,RMX VD／X ドライバー オリジナルカーボン TENSEI TR,https://shop.img.golfdigest.co.jp/gdogolfshop/images/goods/000071/0000719711/0000719711_01.jpg
30097,ONOFF AKA(2024),734291,オノフ AKA ドライバー SMOOTH KICK MP-524D,https://shop.img.golfdigest.co.jp/gdogolfshop/images/goods/000073/0000734291/0000734291_01.jpg
29716,RMX VD/M(2024),719710,RMX VD／M ドライバー オリジナルカーボン TENSEI TR,https://shop.img.golfdigest.co.jp/gdogolfshop/images/goods/000071/0000719710/0000719710_01.jpg
27379,egg EXTREME,612238,egg EXTREME ドライバー eggEXTREMEオリジナルカーボン,https://shop.img.golfdigest.co.jp/gdogolfshop/images/goods/000061/0000612238/0000612238_01.jpg
31275,BX2 HT,793456,BX2 HT ドライバー Diamana BS50II,https://shop.img.golfdigest.co.jp/gdogolfshop/images/goods/000079/0000793456/0000793456_01.jpg
27603,TOUR WORLD GS,632378,ツアーワールド GSドライバー SPEED TUNED 48,https://shop.img.golfdigest.co.jp/gdogolfshop/images/goods/000063/0000632378/0000632378_01.jpg
26472,inpres UD+2(2019),623473,21 インプレス UD+2 ドライバー Air Speeder for YAMAHA M421d,https://shop.img.golfdigest.co.jp/gdogolfshop/images/goods/000062/0000623473/0000623473_01.jpg
28295,LTDX LS,663017,LTDx LS ドライバー Speeder NX for Cobra,https://shop.img.golfdigest.co.jp/gdogolfshop/images/goods/000066/0000663017/0000663017_01.jpg
28746,RS JUST F,673926,RS JUST F ドライバー Tour AD FOR PRGR,https://shop.img.golfdigest.co.jp/gdogolfshop/images/goods/000067/0000673926/0000673926_01.jpg
27526,G425 MAX,672970,G425 MAX ドライバー PING TOUR 173-55／65／75,https://shop.img.golfdigest.co.jp/gdogolfshop/images/goods/000067/0000672970/0000672970_01.jpg
27952,B2,649403,B2 ドライバー Diamana BS50,https://shop.img.golfdigest.co.jp/gdogolfshop/images/goods/000064/0000649403/0000649403_01.jpg
28324,ONOFF AKA(2022),665008,オノフ 赤 ドライバー SMOOTH KICK MP-522D,https://shop.img.golfdigest.co.jp/gdogolfshop/images/goods/000066/0000665008/0000665008_01.jpg
29328,LS(2023),703357,23 LS ドライバー SPEEDER NX FOR PRGR,https://shop.img.golfdigest.co.jp/gdogolfshop/images/goods/000070/0000703357/0000703357_01.jpg
28067,RMX VD59,653466,RMX VD59 ドライバー Diamana YR,https://shop.img.golfdigest.co.jp/gdogolfshop/images/goods/000065/0000653466/0000653466_01.jpg
29148,AEROJET LS,693402,エアロジェット LS ドライバー オリジナル Tour AD for Cobra BLUE,https://shop.img.golfdigest.co.jp/gdogolfshop/images/goods/000069/0000693402/0000693402_01.jpg
30174,B3 MAXD(2024),740429,B3 MAXD ドライバー VANQUISH BS40 for MAX,https://shop.img.golfdigest.co.jp/gdogolfshop/images/goods/000074/0000740429/0000740429_01.jpg
28932,BERES NX,685423,ベレス NX ドライバー VIZARD for NX 45,https://shop.img.golfdigest.co.jp/gdogolfshop/images/goods/000068/0000685423/0000685423_01.jpg
28106,XXIO(2022)ﾌﾞﾙｰ,654730,ゼクシオ 12 ドライバー(ブルー) MP1200Lカーボン,https://shop.img.golfdigest.co.jp/gdogolfshop/images/goods/000065/0000654730/0000654730_01.jpg
27585,TSi2,628654,TSi2 ドライバー TOUR AD DI-5／6,https://shop.img.golfdigest.co.jp/gdogolfshop/images/goods/000062/0000628654/0000628654_01.jpg
27586,TSi3,628657,TSi3 ドライバー TOUR AD DI-5／6,https://shop.img.golfdigest.co.jp/gdogolfshop/images/goods/000062/0000628657/0000628657_01.jpg
30596,inpres DRIVE STAR TypeS(2025),754231,25 インプレス DRIVE STAR TypeS ドライバー SPEEDER NX for Yamaha M425d,https://shop.img.golfdigest.co.jp/gdogolfshop/images/goods/000075/0000754231/0000754231_01.jpg
27171,UFO BY POWER TORNADO,641629,UFO by POWER TORNADO ドライバー Falcon Shaft for DD,https://shop.img.golfdigest.co.jp/gdogolfshop/images/goods/000064/0000641629/0000641629_01.jpg
28870,TSR4,682378,TSR4 ドライバー TSP311 65,https://shop.img.golfdigest.co.jp/gdogolfshop/images/goods/000068/0000682378/0000682378_01.jpg
27525,G425 LST,623008,G425 LST ドライバー PING TOUR 173-55／65／75 ARCCOS GP装着モデル,https://shop.img.golfdigest.co.jp/gdogolfshop/images/goods/000062/0000623008/0000623008_01.jpg
27793,EPIC MAX FAST,643809,エピック MAX ファスト ドライバー ELDIO 40 for Callaway,https://shop.img.golfdigest.co.jp/gdogolfshop/images/goods/000064/0000643809/0000643809_01.jpg
30276,RSX F(2024),748141,RSX F ドライバー Tour AD FOR PRGR,https://shop.img.golfdigest.co.jp/gdogolfshop/images/goods/000074/0000748141/0000748141_01.jpg
27549,SRIXON ZX5,625108,スリクソン ZX5 ドライバー Diamana ZX 50,https://shop.img.golfdigest.co.jp/gdogolfshop/images/goods/000062/0000625108/0000625108_01.jpg
27478,RS5,617148,RS5 ドライバー Diamana FOR PRGR,https://shop.img.golfdigest.co.jp/gdogolfshop/images/goods/000061/0000617148/0000617148_01.jpg
28312,EZONE GT 450(2022),662855,EZONE GT 450 ドライバー RK-03GT,https://shop.img.golfdigest.co.jp/gdogolfshop/images/goods/000066/0000662855/0000662855_01.jpg
30864,Qi35 LS,769270,Qi35 LS ドライバー Diamana BLACK TM60,https://shop.img.golfdigest.co.jp/gdogolfshop/images/goods/000076/0000769270/0000769270_01.jpg
27203,XXIO(2020)ﾎﾞﾙﾄﾞｰ,599174,ゼクシオ ドライバー(ボルドー／グリップ：WEIGHT PLUSフルラバー) MP1100Lカーボン,https://shop.img.golfdigest.co.jp/gdogolfshop/images/goods/000059/0000599174/0000599174_01.jpg
28068,RMX VD,706337,RMX VD ドライバー SPEEDER NX50,https://shop.img.golfdigest.co.jp/gdogolfshop/images/goods/000070/0000706337/0000706337_01.jpg
29076,TSR2(2023),695254,TSR2 ドライバー TENSEI AV BLUE 55,https://shop.img.golfdigest.co.jp/gdogolfshop/images/goods/000069/0000695254/0000695254_01.jpg
27527,G425 SFT,672978,G425 SFT ドライバー ALTA J CB SLATE,https://shop.img.golfdigest.co.jp/gdogolfshop/images/goods/000067/0000672978/0000672978_01.jpg
27479,RS5+,617155,RS5 +(プラス) ドライバー Speeder Evolution for PRGR,https://shop.img.golfdigest.co.jp/gdogolfshop/images/goods/000061/0000617155/0000617155_01.jpg
29717,RMX VD/R(2024),719705,RMX VD／R ドライバー SPEEDER NX BLACK 50,https://shop.img.golfdigest.co.jp/gdogolfshop/images/goods/000071/0000719705/0000719705_01.jpg
28269,STEALTH PLUS,658939,ステルス プラス ドライバー TENSEI SILVER TM50,https://shop.img.golfdigest.co.jp/gdogolfshop/images/goods/000065/0000658939/0000658939_01.jpg
29961,Qi10 LS,730778,Qi10 LS ドライバー SPEEDER NX BLACK 60,https://shop.img.golfdigest.co.jp/gdogolfshop/images/goods/000073/0000730778/0000730778_01.jpg
27756,LS(2021),643105,LS ドライバー Speeder Evolution for PRGR,https://shop.img.golfdigest.co.jp/gdogolfshop/images/goods/000064/0000643105/0000643105_01.jpg
27316,ONOFF AKA(2020),607616,オノフ 赤 ドライバー SMOOTH KICK MP-520D,https://shop.img.golfdigest.co.jp/gdogolfshop/images/goods/000060/0000607616/0000607616_01.jpg
29077,TSR3(2023),695255,TSR3 ドライバー TENSEI AV BLUE 55,https://shop.img.golfdigest.co.jp/gdogolfshop/images/goods/000069/0000695255/0000695255_01.jpg
29138,XXIO PRIME(2023),689781,ゼクシオ プライム12 ドライバー ゼクシオプライム SP-1200,https://shop.img.golfdigest.co.jp/gdogolfshop/images/goods/000068/0000689781/0000689781_01.jpg
30127,Qi10 MAX LITE,742935,Qi10 MAX LITE ドライバー SPEEDER NX BLUE for TM,https://shop.img.golfdigest.co.jp/gdogolfshop/images/goods/000074/0000742935/0000742935_01.jpg
27204,XXIO X(2020),599171,ゼクシオ エックス ドライバー Miyazaki AX-1,https://shop.img.golfdigest.co.jp/gdogolfshop/images/goods/000059/0000599171/0000599171_01.jpg
31392,ELYTE MINI NIGHT EDITION,792870,エリート MINI ドライバー Night Edition TENSEI GREEN 60 for Callaway,https://shop.img.golfdigest.co.jp/gdogolfshop/images/goods/000079/0000792870/0000792870_01.jpg
29593,ONOFF KURO(2023),714118,オノフ KURO ドライバー ONOFF CBT：624D,https://shop.img.golfdigest.co.jp/gdogolfshop/images/goods/000071/0000714118/0000714118_01.jpg
28354,ST-X220,662826,ST-X220 ドライバー Tour AD GM D,https://shop.img.golfdigest.co.jp/gdogolfshop/images/goods/000066/0000662826/0000662826_01.jpg
28105,XXIO(2022)ﾚｯﾄﾞ,654726,ゼクシオ 12 ドライバー(レッド) MP1200カーボン,https://shop.img.golfdigest.co.jp/gdogolfshop/images/goods/000065/0000654726/0000654726_01.jpg
28383,SUPER egg(2022) 高反発ﾓﾃﾞﾙ,734710,SUPER egg evolution ドライバー SUPER egg evolution 高反発モデル,https://shop.img.golfdigest.co.jp/gdogolfshop/images/goods/000073/0000734710/0000734710_01.jpg
27362,ST200X,605777,ST200X ドライバー 20 MFUSION D,https://shop.img.golfdigest.co.jp/gdogolfshop/images/goods/000060/0000605777/0000605777_01.jpg
28931,SHUTTLE(2022),685498,シャトル ドライバー 光沢仕上げ IMPACT FIT m230(ブルー),https://shop.img.golfdigest.co.jp/gdogolfshop/images/goods/000068/0000685498/0000685498_01.jpg
27951,B1,649402,B1 ドライバー Tour AD BS-6,https://shop.img.golfdigest.co.jp/gdogolfshop/images/goods/000064/0000649402/0000649402_01.jpg
30597,inpres DRIVE STAR(2025),754233,25 インプレス DRIVE STAR ドライバー ELDIO for Yamaha TM325d,https://shop.img.golfdigest.co.jp/gdogolfshop/images/goods/000075/0000754233/0000754233_01.jpg
29917,PARADYM Ai SMOKEﾄﾘﾌﾟﾙﾀﾞｲﾔ,730196,パラダイム Ai SMOKE トリプルダイヤモンド ドライバー TENSEI 60 for Callaway,https://shop.img.golfdigest.co.jp/gdogolfshop/images/goods/000073/0000730196/0000730196_01.jpg
30071,ST-MAX 230,736484,ST-MAX 230 ドライバー ブラックIPミラー＆ショット仕上げ Tour AD GM D,https://shop.img.golfdigest.co.jp/gdogolfshop/images/goods/000073/0000736484/0000736484_01.jpg
28107,XXIO(2022)ﾎﾞﾙﾄﾞｰ,654732,ゼクシオ 12 ドライバー(ネイビー) MP1200カーボン,https://shop.img.golfdigest.co.jp/gdogolfshop/images/goods/000065/0000654732/0000654732_01.jpg
31220,ELYTE NIGHT EDITION,792868,エリート ドライバー Night Edition VENTUS GREEN 5 for Callaway,https://shop.img.golfdigest.co.jp/gdogolfshop/images/goods/000079/0000792868/0000792868_01.jpg
27143,RMX 120,667782,RMX 120 ドライバー Diamana RF60,https://shop.img.golfdigest.co.jp/gdogolfshop/images/goods/000066/0000667782/0000667782_01.jpg
27153,egg 5500(2019),592259,NEW egg 5500(ゴーゴー)ドライバー エッグオリジナル,https://shop.img.golfdigest.co.jp/gdogolfshop/images/goods/000059/0000592259/0000592259_01.jpg
27154,egg 5500 impact(2019),592261,NEW egg 5500(ゴーゴー)impactドライバー エッグオリジナル impact,https://shop.img.golfdigest.co.jp/gdogolfshop/images/goods/000059/0000592261/0000592261_01.jpg
29145,ST-X230,698012,ST-X230 ドライバー Tour AD GM D,https://shop.img.golfdigest.co.jp/gdogolfshop/images/goods/000069/0000698012/0000698012_01.jpg
28187,BERES BLACK,655648,ベレス BLACK ドライバー ARMRQ MXBK,https://shop.img.golfdigest.co.jp/gdogolfshop/images/goods/000065/0000655648/0000655648_01.jpg
31221,ELYTE X NIGHT EDITION,792869,エリート X ドライバー Night Edition VENTUS GREEN 5 for Callaway,https://shop.img.golfdigest.co.jp/gdogolfshop/images/goods/000079/0000792869/0000792869_01.jpg
30114,UFO by POWER TORNADOAIRBlueD,736478,UFO by POWER TORNADO AIR Blue DD ドライバー ATTAS EZ 370,https://shop.img.golfdigest.co.jp/gdogolfshop/images/goods/000073/0000736478/0000736478_01.jpg
27696,KING RAD SPEED,637362,キング RAD SPEED ドライバー Speeder Evolution for RADSPEED,https://shop.img.golfdigest.co.jp/gdogolfshop/images/goods/000063/0000637362/0000637362_01.jpg
27550,SRIXON ZX7,625104,スリクソン ZX7 ドライバー Diamana ZX 60,https://shop.img.golfdigest.co.jp/gdogolfshop/images/goods/000062/0000625104/0000625104_01.jpg
28325,B-LD,666488,B-LD ドライバー AiR Speeder BS-LD for Wood,https://shop.img.golfdigest.co.jp/gdogolfshop/images/goods/000066/0000666488/0000666488_01.jpg
27701,KING RAD SPEED XB,637370,キング RAD SPEED XB ドライバー Tour AD HD-6,https://shop.img.golfdigest.co.jp/gdogolfshop/images/goods/000063/0000637370/0000637370_01.jpg
27610,XXIO PRIME(2021),635306,ゼクシオ プライム11 ドライバー ゼクシオプライム SP-1100,https://shop.img.golfdigest.co.jp/gdogolfshop/images/goods/000063/0000635306/0000635306_01.jpg
28029,ONOFF KURO(2021),649481,オノフ KURO ドライバー ONOFF CBT 622D,https://shop.img.golfdigest.co.jp/gdogolfshop/images/goods/000064/0000649481/0000649481_01.jpg
27477,RS F5,617141,RS F5 ドライバー Tour AD FOR PRGR,https://shop.img.golfdigest.co.jp/gdogolfshop/images/goods/000061/0000617141/0000617141_01.jpg
29125,Royal EZONE(2023),711135,23 Royal EZONE ドライバー RX-06RE,https://shop.img.golfdigest.co.jp/gdogolfshop/images/goods/000071/0000711135/0000711135_01.jpg
28910,TOUR WORLD TW757 TYPE-D PLUS,683219,ツアーワールド TW757 TYPE-D PLUS ドライバー VIZARD for TW757 45,https://shop.img.golfdigest.co.jp/gdogolfshop/images/goods/000068/0000683219/0000683219_01.jpg
27823,TOUR WORLD GS PROTOTYPE-1,645729,ツアーワールド GS460 PROTOTYPE-1 ドライバー VIZARD FZ-5／6 S,https://shop.img.golfdigest.co.jp/gdogolfshop/images/goods/000064/0000645729/0000645729_01.jpg
29081,STEALTH 2 PLUS,693448,ステルス2 PLUS ドライバー Diamana TM50,https://shop.img.golfdigest.co.jp/gdogolfshop/images/goods/000069/0000693448/0000693448_01.jpg
28797,MAJESTY PRESTIGIO 12,678790,マジェスティ プレステジオ トゥエルブ ドライバー MAJESTY LV750,https://shop.img.golfdigest.co.jp/gdogolfshop/images/goods/000067/0000678790/0000678790_01.jpg
30734,TOUR WORLD TW767,763413,ツアーワールド TW767 ドライバー VIZARD EZ-C,https://shop.img.golfdigest.co.jp/gdogolfshop/images/goods/000076/0000763413/0000763413_01.jpg
27361,ST200,605772,ST200 ドライバー GM-200 D,https://shop.img.golfdigest.co.jp/gdogolfshop/images/goods/000060/0000605772/0000605772_01.jpg
28186,BERES AIZU,655646,ベレス AIZU ドライバー ARMRQ MX 3S,https://shop.img.golfdigest.co.jp/gdogolfshop/images/goods/000065/0000655646/0000655646_01.jpg
27113,G Le2,590278,GLe2 ドライバー ULT240 J,https://shop.img.golfdigest.co.jp/gdogolfshop/images/goods/000059/0000590278/0000590278_01.jpg
28311,EZONE GT 425(2022),662854,EZONE GT 425 ドライバー RK-03GT,https://shop.img.golfdigest.co.jp/gdogolfshop/images/goods/000066/0000662854/0000662854_01.jpg
28328,TOUR WORLD TW757 TYPE-D,664768,ツアーワールド TW757 TYPE-D ドライバー VIZARD MA-5／6,https://shop.img.golfdigest.co.jp/gdogolfshop/images/goods/000066/0000664768/0000664768_01.jpg
29441,PARADYM NIGHT MODE LIMITED ED,709830,パラダイム ナイトモード リミテッド・エディション ドライバー HZRDUS Gen 4 HZRDUS ALL BLK 60,https://shop.img.golfdigest.co.jp/gdogolfshop/images/goods/000070/0000709830/0000709830_01.jpg
22541,MP TYPE-2,521565,MP TYPE-2ドライバー Tour AD J-D1(ミズノオリジナル),https://shop.img.golfdigest.co.jp/gdogolfshop/images/goods/000052/0000521565/0000521565_01.jpg
30176,B-LD(2024),740430,BｰLD ドライバー SPEEDER NX BS40LDw,https://shop.img.golfdigest.co.jp/gdogolfshop/images/goods/000074/0000740430/0000740430_01.jpg
27270,MAVRIK,604967,マーベリック ドライバー Tour AD XC-6,https://shop.img.golfdigest.co.jp/gdogolfshop/images/goods/000060/0000604967/0000604967_01.jpg
27322,TOUR WORLD TR20 440,611857,ツアーワールド TR20 440 ドライバー VIZARD FD-5／6,https://shop.img.golfdigest.co.jp/gdogolfshop/images/goods/000061/0000611857/0000611857_01.jpg
28389,LTDX BK LIMITED,669900,LTDx ブラック リミテッドエディション ドライバー LIN-Q White 60,https://shop.img.golfdigest.co.jp/gdogolfshop/images/goods/000066/0000669900/0000669900_01.jpg
28390,LTDX LS BK LIMITED,669899,LTDx LS ブラック リミテッドエディション ドライバー LIN-Q White 60,https://shop.img.golfdigest.co.jp/gdogolfshop/images/goods/000066/0000669899/0000669899_01.jpg
28391,LTDX LIMITED PTC,669902,LTDx リミテッドエディション パームツリークルー ドライバー HZRDUS RDX Smoke,https://shop.img.golfdigest.co.jp/gdogolfshop/images/goods/000066/0000669902/0000669902_01.jpg
28329,TOUR WORLD TW757 TYPE-S,664770,ツアーワールド TW757 TYPE-S ドライバー VIZARD for TW757,https://shop.img.golfdigest.co.jp/gdogolfshop/images/goods/000066/0000664770/0000664770_01.jpg
31020,DS-ADAPT X SEASON OPENER,781533,シーズンオープナー DS-ADAPT X ドライバー HZRDUS SO 6.0,https://shop.img.golfdigest.co.jp/gdogolfshop/images/goods/000078/0000781533/0000781533_01.jpg
30999,MAJESTY ROYAL(2025),779090,マジェスティ ロイヤル ドライバー MAJESTY Royale LV560,https://shop.img.golfdigest.co.jp/gdogolfshop/images/goods/000077/0000779090/0000779090_01.jpg
30182,EZONE GT TYPE-S(2024),744230,EZONE GT TYPE-S ドライバー RK-04GT,https://shop.img.golfdigest.co.jp/gdogolfshop/images/goods/000074/0000744230/0000744230_01.jpg
30181,EZONE GT TYPE-D(2024),744231,EZONE GT TYPE-D ドライバー RK-04GT,https://shop.img.golfdigest.co.jp/gdogolfshop/images/goods/000074/0000744231/0000744231_01.jpg
31018,DS-ADAPT LS VOLITION,781534,ボリション DS-ADAPT LS ドライバー TENSEI 1K BLACK 65 LIMITED,https://shop.img.golfdigest.co.jp/gdogolfshop/images/goods/000078/0000781534/0000781534_01.jpg
31017,DS-ADAPT LS SEASON OPENER,781532,シーズンオープナー DS-ADAPT LS ドライバー HZRDUS SO 6.0,https://shop.img.golfdigest.co.jp/gdogolfshop/images/goods/000078/0000781532/0000781532_01.jpg
28356,ST-Z220,662825,ST-Z220 ドライバー Diamana MM D,https://shop.img.golfdigest.co.jp/gdogolfshop/images/goods/000066/0000662825/0000662825_01.jpg
30943,ONOFF LADY(2025),773711,オノフ レディ ドライバー SMOOTH KICK LP-425D パープル,https://shop.img.golfdigest.co.jp/gdogolfshop/images/goods/000077/0000773711/0000773711_01.jpg
29066,MAJESTY ROYALE(2023),760081,マジェスティ ロイヤル ドライバー MAJESTY LV550,https://shop.img.golfdigest.co.jp/gdogolfshop/images/goods/000076/0000760081/0000760081_01.jpg
23593,SUPERMAN EG00VI HR,556774,スーパーマン EG00VI HR ドライバー BIG BLUE V6 超高反発モデル,https://shop.img.golfdigest.co.jp/gdogolfshop/images/goods/000055/0000556774/0000556774_01.jpg
27032,SUPER EGG 480(2019),588275,NEW SUPER egg 480 ドライバー NEW SUPER egg オリジナルシャフト 高反発モデル,https://shop.img.golfdigest.co.jp/gdogolfshop/images/goods/000058/0000588275/0000588275_01.jpg
29104,ONOFF LADY,693668,オノフ レディ ドライバー SMOOTH KICK LP-423D パープル,https://shop.img.golfdigest.co.jp/gdogolfshop/images/goods/000069/0000693668/0000693668_01.jpg
27238,BERES 3S,734722,ベレス 09 3S ドライバー ARMRQ FX 3S,https://shop.img.golfdigest.co.jp/gdogolfshop/images/goods/000073/0000734722/0000734722_01.jpg
31273,BX1 LS,797693,BX1 LS ドライバー TENSEI PRO BLACK 1K CORE 60,https://shop.img.golfdigest.co.jp/gdogolfshop/images/goods/000079/0000797693/0000797693_01.jpg
26669,G410 LST,642380,G410 LST ドライバー Diamana D-LIMITED 60,https://shop.img.golfdigest.co.jp/gdogolfshop/images/goods/000064/0000642380/0000642380_01.jpg
27824,TOUR WORLD GS PROTOTYPE-2,645730,ツアーワールド GS460 PROTOTYPE-2 ドライバー VIZARD FZ-5／6 S,https://shop.img.golfdigest.co.jp/gdogolfshop/images/goods/000064/0000645730/0000645730_01.jpg
27650,MAJESTY ROYALE(2021),640001,ロイヤル ドライバー (MJライト4 35-4グリップ) MAJESTY LV540,https://shop.img.golfdigest.co.jp/gdogolfshop/images/goods/000064/0000640001/0000640001_01.jpg
26616,HIHO,573049,飛砲 ドライバー ZERO SPEEDER,https://shop.img.golfdigest.co.jp/gdogolfshop/images/goods/000057/0000573049/0000573049_01.jpg
29787,PXG 0311 XF GEN6,726484,PXG 0311 XF GEN6 ドライバー SPEEDER NX BLACK 40／50／60／70,https://shop.img.golfdigest.co.jp/gdogolfshop/images/goods/000072/0000726484/0000726484_01.jpg
29786,PXG 0311 GEN6,726480,PXG 0311 GEN6 ドライバー SPEEDER NX BLACK 40／50／60／70,https://shop.img.golfdigest.co.jp/gdogolfshop/images/goods/000072/0000726480/0000726480_01.jpg
26979,ENA Magic Wand ES(2018),586368,マジックワンドES ドライバー ZERO Speeder 高反発モデル,https://shop.img.golfdigest.co.jp/gdogolfshop/images/goods/000058/0000586368/0000586368_01.jpg
27695,KING RAD SPEED XD,637373,キング RAD SPEED XD ドライバー Speeder Evolution for RADSPEED,https://shop.img.golfdigest.co.jp/gdogolfshop/images/goods/000063/0000637373/0000637373_01.jpg
31063,VOLTIO NINJA ﾌﾟﾚﾐｱﾑｶｰﾎﾞﾝ II Hi,783983,VOLTIO NINJA プレミアムカーボン II Hi ドライバー TOUR AD VG-02 高反発モデル,https://shop.img.golfdigest.co.jp/gdogolfshop/images/goods/000078/0000783983/0000783983_01.jpg
27273,MAVRIK SUB ZERO,604972,マーベリック サブゼロ ドライバー Tour AD XC-6,https://shop.img.golfdigest.co.jp/gdogolfshop/images/goods/000060/0000604972/0000604972_01.jpg
30784,PARALLAX 305MD,768163,パララックス 305MD ミニドライバー オリジナルカーボン,https://shop.img.golfdigest.co.jp/gdogolfshop/images/goods/000076/0000768163/0000768163_01.jpg
28962,PXG 0311 XF GEN5,696843,PXG 0311 XF GEN5 ドライバー SPEEDER NX GREEN 50,https://shop.img.golfdigest.co.jp/gdogolfshop/images/goods/000069/0000696843/0000696843_01.jpg
31016,DS-ADAPT LS PALM TREE CREW,781530,限定版 DS-ADAPT LS パームツリークルー ドライバー HZRDUS Black 60,https://shop.img.golfdigest.co.jp/gdogolfshop/images/goods/000078/0000781530/0000781530_01.jpg
28393,LTDX MAX LIMITED PTC,669903,LTDx MAX リミテッドエディション パームツリークルー ドライバー HZRDUS RDX Smoke,https://shop.img.golfdigest.co.jp/gdogolfshop/images/goods/000066/0000669903/0000669903_01.jpg
28392,LTDX MAX BK LIMITED,669901,LTDx MAX ブラック リミテッドエディション ドライバー LIN-Q White 60,https://shop.img.golfdigest.co.jp/gdogolfshop/images/goods/000066/0000669901/0000669901_01.jpg
27611,SIM2,634025,SIM2 ドライバー TENSEI SILVER TM50,https://shop.img.golfdigest.co.jp/gdogolfshop/images/goods/000063/0000634025/0000634025_01.jpg
30134,BERES BK(2024),734720,ベレス 09 BK ドライバー ARMRQ FX BLACK,https://shop.img.golfdigest.co.jp/gdogolfshop/images/goods/000073/0000734720/0000734720_01.jpg
28415,ENA Magic Wand SF ES BKIP,670058,マジックワンド SF ES ドライバー ブラックIP仕上げ Air Speeder 高反発モデル,https://shop.img.golfdigest.co.jp/gdogolfshop/images/goods/000067/0000670058/0000670058_01.jpg
26980,ENA Magic Wand(2018),586378,マジックワンド ドライバー Air Speeder,https://shop.img.golfdigest.co.jp/gdogolfshop/images/goods/000058/0000586378/0000586378_01.jpg
30735,TOUR WORLD TW767 MAX,763414,ツアーワールド TW767 MAX ドライバー VIZARD EZ-C,https://shop.img.golfdigest.co.jp/gdogolfshop/images/goods/000076/0000763414/0000763414_01.jpg
28075,ST-G 220,651827,ST-G220 ドライバー GM-200 D,https://shop.img.golfdigest.co.jp/gdogolfshop/images/goods/000065/0000651827/0000651827_01.jpg
28414,ENA Magic Wand SF BKIP,670062,マジックワンド SF ドライバー ブラックIP仕上げ ENA専用 Speeder SFデザイン,https://shop.img.golfdigest.co.jp/gdogolfshop/images/goods/000067/0000670062/0000670062_01.jpg
20954,IYA DO-MO,488964,ネバースライスウッド ドライバー マミヤ製オリジナルカーボン,https://shop.img.golfdigest.co.jp/gdogolfshop/images/goods/000048/0000488964/0000488964_01.jpg
31019,DS-ADAPT X PALM TREE CREW,781531,限定版 DS-ADAPT X パームツリークルー ドライバー HZRDUS Black 60,https://shop.img.golfdigest.co.jp/gdogolfshop/images/goods/000078/0000781531/0000781531_01.jpg
31021,DS-ADAPT X VOLITION,781535,ボリション DS-ADAPT X ドライバー TENSEI 1K BLACK 65 LIMITED,https://shop.img.golfdigest.co.jp/gdogolfshop/images/goods/000078/0000781535/0000781535_01.jpg
27323,TOUR WORLD TR20 460,611856,ツアーワールド TR20 460 ドライバー VIZARD TR20-50,https://shop.img.golfdigest.co.jp/gdogolfshop/images/goods/000061/0000611856/0000611856_01.jpg
22612,SWEEP(2017) PINK,522464,SWEEP ドライバー SWEEPオリジナルスプリング 高反発モデル,https://shop.img.golfdigest.co.jp/gdogolfshop/images/goods/000052/0000522464/0000522464_01.jpg
27691,ST-Z,635958,ST-Z ドライバー GM-200 D,https://shop.img.golfdigest.co.jp/gdogolfshop/images/goods/000063/0000635958/0000635958_01.jpg
27690,ST-X,635957,ST-X ドライバー 20 MFUSION D,https://shop.img.golfdigest.co.jp/gdogolfshop/images/goods/000063/0000635957/0000635957_01.jpg
27737,PXG 0811 X+PROTOTYPE,636196,0811X+プロト ドライバー TENSEI CK Pro Orange 60,https://shop.img.golfdigest.co.jp/gdogolfshop/images/goods/000063/0000636196/0000636196_01.jpg
30183,EZONE GT(2024),767444,EZONE GT ドライバー RK-04GT WOMEN専用シャフト,https://shop.img.golfdigest.co.jp/gdogolfshop/images/goods/000076/0000767444/0000767444_01.jpg
27389,EZONE GT 455(2020),614972,EZONE GT 455 ドライバー NST002(Namd＋M40X複合),https://shop.img.golfdigest.co.jp/gdogolfshop/images/goods/000061/0000614972/0000614972_01.jpg
23591,CT-518,557024,CT-518 ドライバー TS-316d,https://shop.img.golfdigest.co.jp/gdogolfshop/images/goods/000055/0000557024/0000557024_01.jpg
28320,EXOTICS C722,668000,EXOTICS C722 ドライバー VENTUS BLUE 6,https://shop.img.golfdigest.co.jp/gdogolfshop/images/goods/000066/0000668000/0000668000_01.jpg
29085,BERES NX LADIES,693662,ベレス NX ドライバー VIZARD FOR NX 37,https://shop.img.golfdigest.co.jp/gdogolfshop/images/goods/000069/0000693662/0000693662_01.jpg
27144,RMX 220,590841,RMX 220 ドライバーヘッド単品,https://shop.img.golfdigest.co.jp/gdogolfshop/images/goods/000059/0000590841/0000590841_01.jpg
28385,SWEEP M-17,669315,SWEEP M17 ドライバー NEW SWEEPスプリングシャフト 高反発モデル,https://shop.img.golfdigest.co.jp/gdogolfshop/images/goods/000066/0000669315/0000669315_01.jpg
29256,Fiore(2023),702729,フィオーレ ドライバー FR07オリジナルカーボン,https://shop.img.golfdigest.co.jp/gdogolfshop/images/goods/000070/0000702729/0000702729_01.jpg
27658,D9,641895,D9 ドライバー TENSEI CK Blue,https://shop.img.golfdigest.co.jp/gdogolfshop/images/goods/000064/0000641895/0000641895_01.jpg
18453,HYPER BLADE ｶﾞﾝﾏ,401010,ハイパーブレードガンマ ドライバー ワークテックV-SPECαII,https://shop.img.golfdigest.co.jp/gdogolfshop/images/goods/000040/0000401010/0000401010_01.jpg
20616,BRIDGESTONE Jr,482743,TYPE130 ドライバー ジュニアオリジナルカーボン,https://shop.img.golfdigest.co.jp/gdogolfshop/images/goods/000048/0000482743/0000482743_01.jpg
30167,TYPE150 B-Jr,743293,TYPE150 B-Jr ドライバー B-Jrオリジナルカーボン BJ-W,https://shop.img.golfdigest.co.jp/gdogolfshop/images/goods/000074/0000743293/0000743293_01.jpg
26668,G410 SFT,573813,G410 SFT ドライバー ALTA J CB RED,https://shop.img.golfdigest.co.jp/gdogolfshop/images/goods/000057/0000573813/0000573813_01.jpg
12897,JUNIOR MODEL,275716,ジュニア ドライバー カーボン,https://shop.img.golfdigest.co.jp/gdogolfshop/images/goods/000027/0000275716/0000275716_01.jpg
30166,TYPE130 B-Jr,743292,TYPE130 B-Jr ドライバー B-Jrオリジナルカーボン BJ-W,https://shop.img.golfdigest.co.jp/gdogolfshop/images/goods/000074/0000743292/0000743292_01.jpg
29713,eRook II,721775,eRook II ドライバー Tour AD IZ-6,https://shop.img.golfdigest.co.jp/gdogolfshop/images/goods/000072/0000721775/0000721775_01.jpg
27275,SIM,604762,SIM ドライバー TENSEI SILVER TM50,https://shop.img.golfdigest.co.jp/gdogolfshop/images/goods/000060/0000604762/0000604762_01.jpg
27276,SIM MAX,604766,SIM マックス ドライバー TENSEI BLUE TM50,https://shop.img.golfdigest.co.jp/gdogolfshop/images/goods/000060/0000604766/0000604766_01.jpg
